{"0": [18.91193389892578, 10.653260231018066, 8.514799118041992, 7.062455654144287, 6.263906002044678, 5.7906904220581055, 5.105144500732422, 4.70277214050293, 4.490011215209961, 3.984375, 3.836155652999878, 3.8423879146575928, 3.611269235610962, 3.5044026374816895, 3.343593120574951, 3.3893799781799316, 3.1291885375976562, 2.7883973121643066, 2.8651933670043945, 2.867767810821533, 2.765554904937744, 2.704477310180664, 2.600050687789917, 2.5883402824401855, 2.470634937286377, 2.468052387237549, 2.412302017211914, 2.379619598388672, 2.2908778190612793, 2.2962656021118164, 2.2414727210998535, 2.2349374294281006, 2.2002243995666504, 2.1517562866210938, 2.0035603046417236, 2.0279643535614014, 2.1468288898468018, 2.034850597381592, 2.0628628730773926, 2.1212480068206787, 1.8257465362548828, 1.9243539571762085, 1.850272536277771, 1.8929650783538818, 1.8575986623764038, 1.9274094104766846, 1.813063144683838, 1.858729600906372, 1.841353178024292, 1.918133020401001], "1": [18.41983413696289, 10.15287971496582, 7.829819679260254, 6.379927635192871, 5.876963138580322, 4.921871185302734, 4.558063507080078, 4.234385013580322, 4.120994567871094, 3.6378731727600098, 3.3201489448547363, 3.246927261352539, 3.375680446624756, 3.023416042327881, 2.88327693939209, 2.5970990657806396, 2.6140527725219727, 2.709829092025757, 2.5154426097869873, 2.420414924621582, 2.2931456565856934, 2.2235045433044434, 2.420046091079712, 2.1807591915130615, 2.160067319869995, 2.139453887939453, 2.0213770866394043, 1.907121181488037, 1.9858381748199463, 2.0253734588623047, 1.93819260597229, 1.8967487812042236, 1.8990312814712524, 1.8983649015426636, 1.64451003074646, 1.8500862121582031, 1.7951672077178955, 1.735053300857544, 1.7597626447677612, 1.6458117961883545, 1.7447235584259033, 1.580307126045227, 1.6716846227645874, 1.6426823139190674, 1.6064207553863525, 1.5030568838119507, 1.6728434562683105, 1.53145432472229, 1.5795927047729492, 1.5786397457122803], "2": [17.68735694885254, 9.414344787597656, 7.186635971069336, 6.224343776702881, 5.618718147277832, 4.556665897369385, 4.474592208862305, 4.077003479003906, 3.6165223121643066, 3.6106622219085693, 3.210557222366333, 2.9645724296569824, 3.055345296859741, 2.5858192443847656, 2.6957199573516846, 2.6910247802734375, 2.3485770225524902, 2.4626317024230957, 2.3170828819274902, 2.373337745666504, 2.1642229557037354, 2.1344144344329834, 2.0113489627838135, 2.041566848754883, 2.010284423828125, 1.9979956150054932, 1.802506923675537, 1.7361831665039062, 1.8170340061187744, 1.7963972091674805, 1.7680262327194214, 1.785024881362915, 1.6470611095428467, 1.724057912826538, 1.573121190071106, 1.6267578601837158, 1.5923389196395874, 1.6422584056854248, 1.7351411581039429, 1.5595649480819702, 1.5672547817230225, 1.5113970041275024, 1.493791103363037, 1.4508477449417114, 1.5147078037261963, 1.4161955118179321, 1.3889946937561035, 1.4412261247634888, 1.3287409543991089, 1.4234498739242554], "3": [16.903888702392578, 8.816959381103516, 7.56822395324707, 6.059845924377441, 5.546682834625244, 4.614747047424316, 4.247035026550293, 3.818091869354248, 3.5382275581359863, 3.445249557495117, 3.17162823677063, 3.0286989212036133, 2.7154171466827393, 2.6295840740203857, 2.470447063446045, 2.4159889221191406, 2.3861775398254395, 2.306687831878662, 2.214651107788086, 2.2112841606140137, 2.015334129333496, 2.0787100791931152, 1.964160680770874, 1.902790904045105, 1.9723972082138062, 2.030212879180908, 1.8022315502166748, 1.8294105529785156, 1.937103033065796, 1.7843236923217773, 1.7363386154174805, 1.6914454698562622, 1.6349999904632568, 1.6486775875091553, 1.5656726360321045, 1.5480263233184814, 1.501604676246643, 1.5821573734283447, 1.4551327228546143, 1.5600736141204834, 1.4455233812332153, 1.5314993858337402, 1.5147974491119385, 1.4967663288116455, 1.3854771852493286, 1.4432461261749268, 1.3888590335845947, 1.373231291770935, 1.3892114162445068, 1.3602286577224731], "4": [15.402568817138672, 7.978320121765137, 6.806856155395508, 5.243349552154541, 4.447023868560791, 3.8617117404937744, 3.7006947994232178, 3.4051241874694824, 3.068366289138794, 3.025484561920166, 2.767141342163086, 2.526271104812622, 2.4617457389831543, 2.2570276260375977, 2.1883652210235596, 2.155947208404541, 1.9560911655426025, 2.010114908218384, 1.9557209014892578, 1.8704869747161865, 1.784510612487793, 1.7452664375305176, 1.681744933128357, 1.6919662952423096, 1.658177137374878, 1.5991795063018799, 1.5671989917755127, 1.5705316066741943, 1.596879482269287, 1.564382553100586, 1.5210859775543213, 1.4335992336273193, 1.4678163528442383, 1.3970742225646973, 1.3423091173171997, 1.3920679092407227, 1.4444806575775146, 1.3176759481430054, 1.3886311054229736, 1.300548791885376, 1.3680827617645264, 1.1990015506744385, 1.2986781597137451, 1.2580441236495972, 1.2992455959320068, 1.2710793018341064, 1.245111107826233, 1.2754801511764526, 1.2073400020599365, 1.138624668121338], "5": [13.929010391235352, 6.687325477600098, 5.659770965576172, 4.4722723960876465, 4.537288665771484, 3.582690715789795, 3.144413948059082, 3.144904136657715, 2.717118263244629, 2.5868301391601562, 2.4430203437805176, 2.236090660095215, 2.1105313301086426, 2.0206398963928223, 1.9626818895339966, 1.8972214460372925, 1.8425180912017822, 1.774936556816101, 1.6450526714324951, 1.6753380298614502, 1.7152905464172363, 1.573206901550293, 1.6069164276123047, 1.526351809501648, 1.466750144958496, 1.4840171337127686, 1.4599506855010986, 1.4529147148132324, 1.4260094165802002, 1.3446462154388428, 1.3721802234649658, 1.393811583518982, 1.33015775680542, 1.274505615234375, 1.269529104232788, 1.3332486152648926, 1.2470699548721313, 1.2387112379074097, 1.2294549942016602, 1.222747564315796, 1.2380608320236206, 1.1509472131729126, 1.163252353668213, 1.1221799850463867, 1.0965112447738647, 1.096276044845581, 1.0734679698944092, 1.0775058269500732, 1.1265015602111816, 1.0719356536865234], "6": [13.435907363891602, 6.148362159729004, 5.000437259674072, 4.268069267272949, 3.687918186187744, 3.096827268600464, 2.771761417388916, 2.5969104766845703, 2.350351333618164, 2.1940324306488037, 2.0930662155151367, 1.9207823276519775, 1.8249554634094238, 1.7922005653381348, 1.7684352397918701, 1.6089608669281006, 1.663739562034607, 1.6866029500961304, 1.554065227508545, 1.4141855239868164, 1.439137578010559, 1.459235429763794, 1.394555926322937, 1.4068293571472168, 1.3881714344024658, 1.3757662773132324, 1.3074101209640503, 1.328521490097046, 1.246300458908081, 1.211362600326538, 1.1508986949920654, 1.1790645122528076, 1.1524980068206787, 1.2502915859222412, 1.1837115287780762, 1.152043342590332, 1.1890825033187866, 1.111151933670044, 1.1423518657684326, 1.0253976583480835, 1.1410887241363525, 1.0777515172958374, 1.0854557752609253, 1.047041893005371, 1.0377867221832275, 0.9968105554580688, 1.0686686038970947, 0.9770322442054749, 1.1470826864242554, 1.0120710134506226], "7": [11.760984420776367, 5.136446952819824, 4.401068687438965, 3.5347084999084473, 3.431994915008545, 2.857264995574951, 2.6124353408813477, 2.274867057800293, 2.1781280040740967, 2.0954818725585938, 1.9099364280700684, 1.7991328239440918, 1.6625823974609375, 1.623875617980957, 1.5811846256256104, 1.5773028135299683, 1.548917293548584, 1.4756097793579102, 1.4030996561050415, 1.4680073261260986, 1.333336591720581, 1.2746797800064087, 1.2810139656066895, 1.256594181060791, 1.1690959930419922, 1.2912721633911133, 1.1828560829162598, 1.1828457117080688, 1.1701953411102295, 1.165276050567627, 1.1729176044464111, 1.0808489322662354, 1.1000269651412964, 1.120881199836731, 1.0710854530334473, 1.0171523094177246, 1.0643296241760254, 1.0505801439285278, 0.9737815856933594, 1.018667459487915, 0.999139666557312, 0.9610532522201538, 1.0140414237976074, 0.941849946975708, 0.9416138529777527, 1.0034440755844116, 0.9688349962234497, 0.9557361602783203, 0.8936944007873535, 0.9203943610191345],