{
  "source": "/home/jay/gamma/reports/phase1/transplant_five_condition/mamba-130m/transplant_five_condition_primary__20260708T054603Z.json",
  "stats": {
    "permuted_real": {
      "n_seeds": 12,
      "mean": 12.781682628206909,
      "median": 7.937855016440153,
      "stdev": 10.001628767145855,
      "min": 5.592956032603979,
      "max": 38.15746381878853,
      "q1": 7.050899859517813,
      "q3": 21.963212177157402
    },
    "gaussian": {
      "n_seeds": 12,
      "mean": 8.36061297605435,
      "median": 8.058499732986093,
      "stdev": 1.2331981324961068,
      "min": 6.603686060756445,
      "max": 10.312796201556921,
      "q1": 7.391233563423157,
      "q3": 9.70896765217185
    }
  },
  "perm_means_raw": [
    23.465556904673576,
    8.032452654093504,
    7.2300717048347,
    10.024435129016638,
    7.843257378786802,
    11.626924209296703,
    6.325925935059786,
    6.067035734653473,
    38.15746381878853,
    21.963212177157402,
    5.592956032603979,
    7.050899859517813
  ],
  "gauss_means_raw": [
    7.946230545639992,
    8.760603852570057,
    7.955897606909275,
    7.082916930317879,
    6.603686060756445,
    9.337414152920246,
    10.312796201556921,
    9.70896765217185,
    9.928141385316849,
    8.16110185906291,
    7.138365902006626,
    7.391233563423157
  ]
}