{
  "model": "mamba-130m",
  "num_layers": 24,
  "n_eval": 496,
  "seq_len": 32,
  "n_docs": 32,
  "steps": 200,
  "rank": 128,
  "per_layer": [
    {
      "layer": 0,
      "top1_diff_ci": {
        "mean": -0.0020161290322580645,
        "ci_lo": -0.036290322580645164,
        "ci_hi": 0.03225806451612903,
        "n": 496
      },
      "kl_diff_ci": {
        "mean": -0.25995406604582266,
        "ci_lo": -1.1706050889145942,
        "ci_hi": 0.6567085414163528,
        "n": 496
      },
      "real_top1": 0.0786290317773819,
      "shuffled_top1": 0.08064515888690948,
      "gaussian_top1": 0.08064515888690948,
      "real_kl": 10.994335174560547,
      "shuffled_kl": 10.734379768371582,
      "gaussian_kl": 11.06233024597168,
      "real_ppl": 1405632.9112800173,
      "shuffled_ppl": 890589.0410825604,
      "gaussian_ppl": 1229807.7706262884
    },
    {
      "layer": 1,
      "top1_diff_ci": {
        "mean": 0.036290322580645164,
        "ci_lo": 0.008064516129032258,
        "ci_hi": 0.06451612903225806,
        "n": 496
      },
      "kl_diff_ci": {
        "mean": 0.568106114443752,
        "ci_lo": -0.34945389916819913,
        "ci_hi": 1.5139967633952056,
        "n": 496
      },
      "real_top1": 0.07459677755832672,
      "shuffled_top1": 0.038306452333927155,
      "gaussian_top1": 0.010080644860863686,
      "real_kl": 10.254270553588867,
      "shuffled_kl": 10.822376251220703,
      "gaussian_kl": 9.887432098388672,
      "real_ppl": 544675.1658538801,
      "shuffled_ppl": 968354.7782245824,
      "gaussian_ppl": 348191.391662946
    },
    {
      "layer": 2,
      "top1_diff_ci": {
        "mean": 0.038306451612903226,
        "ci_lo": 0.012096774193548387,
        "ci_hi": 0.06653225806451613,
        "n": 496
      },
      "kl_diff_ci": {
        "mean": 0.6497982183711664,
        "ci_lo": -0.1356620490550995,
        "ci_hi": 1.4227891129051005,
        "n": 496
      },
      "real_top1": 0.07258064299821854,
      "shuffled_top1": 0.03427419438958168,
      "gaussian_top1": 0.032258063554763794,
      "real_kl": 8.832573890686035,
      "shuffled_kl": 9.482372283935547,
      "gaussian_kl": 8.819116592407227,
      "real_ppl": 144298.67741888016,
      "shuffled_ppl": 262570.60573420214,
      "gaussian_ppl": 129451.41857573771
    },
    {
      "layer": 3,
      "top1_diff_ci": {
        "mean": 0.06048387096774194,
        "ci_lo": 0.03024193548387097,
        "ci_hi": 0.09274193548387097,
        "n": 496
      },
      "kl_diff_ci": {
        "mean": -0.8937889679725612,
        "ci_lo": -1.7765896180344205,
        "ci_hi": 0.08394484077730487,
        "n": 496
      },
      "real_top1": 0.09879032522439957,
      "shuffled_top1": 0.038306452333927155,
      "gaussian_top1": 0.024193547666072845,
      "real_kl": 10.066182136535645,
      "shuffled_kl": 9.172393798828125,
      "gaussian_kl": 7.764710903167725,
      "real_ppl": 510536.82056826504,
      "shuffled_ppl": 212469.32948827,
      "gaussian_ppl": 47228.4872505772
    },
    {
      "layer": 4,
      "top1_diff_ci": {
        "mean": 0.06451612903225806,
        "ci_lo": 0.03024193548387097,
        "ci_hi": 0.09879032258064516,
        "n": 496
      },
      "kl_diff_ci": {
        "mean": 0.36795852107987287,
        "ci_lo": -0.5585574704492765,
        "ci_hi": 1.2868078001324208,
        "n": 496
      },
      "real_top1": 0.11088709533214569,
      "shuffled_top1": 0.0463709682226181,
      "gaussian_top1": 0.0625,
      "real_kl": 10.043577194213867,
      "shuffled_kl": 10.411535263061523,
      "gaussian_kl": 9.191391944885254,
      "real_ppl": 569092.7071267064,
      "shuffled_ppl": 616084.5961594019,
      "gaussian_ppl": 210841.21383142527
    },
    {
      "layer": 5,
      "top1_diff_ci": {
        "mean": 0.03024193548387097,
        "ci_lo": -0.0020161290322580645,
        "ci_hi": 0.06451612903225806,
        "n": 496
      },
      "kl_diff_ci": {
        "mean": 0.5301454209932878,
        "ci_lo": -0.4927692509466602,
        "ci_hi": 1.5169774583510813,
        "n": 496
      },
      "real_top1": 0.0947580635547638,
      "shuffled_top1": 0.06451612710952759,
      "gaussian_top1": 0.03629032149910927,
      "real_kl": 10.492015838623047,
      "shuffled_kl": 11.022159576416016,
      "gaussian_kl": 12.203993797302246,
      "real_ppl": 766523.4943997965,
      "shuffled_ppl": 1414289.7014173162,
      "gaussian_ppl": 3054379.2687166086
    },
    {
      "layer": 6,
      "top1_diff_ci": {
        "mean": 0.07459677419354839,
        "ci_lo": 0.038306451612903226,
        "ci_hi": 0.10887096774193548,
        "n": 496
      },
      "kl_diff_ci": {
        "mean": 1.0984759399246784,
        "ci_lo": 0.17700438021171477,
        "ci_hi": 2.048165893122073,
        "n": 496
      },
      "real_top1": 0.11895161122083664,
      "shuffled_top1": 0.04435483738780022,
      "gaussian_top1": 0.02822580561041832,
      "real_kl": 9.21178150177002,
      "shuffled_kl": 10.310256004333496,
      "gaussian_kl": 9.867576599121094,
      "real_ppl": 220108.1203545681,
      "shuffled_ppl": 513957.8934399007,
      "gaussian_ppl": 337968.8721277893
    },
    {
      "layer": 7,
      "top1_diff_ci": {
        "mean": 0.10483870967741936,
        "ci_lo": 0.07258064516129033,
        "ci_hi": 0.13911290322580644,
        "n": 496
      },
      "kl_diff_ci": {
        "mean": 1.7028313440781446,
        "ci_lo": 0.8011455196406572,
        "ci_hi": 2.6097081239305195,
        "n": 496
      },
      "real_top1": 0.13104838132858276,
      "shuffled_top1": 0.026209676638245583,
      "gaussian_top1": 0.03427419438958168,
      "real_kl": 9.063258171081543,
      "shuffled_kl": 10.76608943939209,
      "gaussian_kl": 9.248257637023926,
      "real_ppl": 180832.1885624227,
      "shuffled_ppl": 873708.3802036574,
      "gaussian_ppl": 199542.03088612712
    },
    {
      "layer": 8,
      "top1_diff_ci": {
        "mean": 0.06653225806451613,
        "ci_lo": 0.03024193548387097,
        "ci_hi": 0.1028225806451613,
        "n": 496
      },
      "kl_diff_ci": {
        "mean": 0.6740268964110122,
        "ci_lo": -0.23496268620534289,
        "ci_hi": 1.5928513653005563,
        "n": 496
      },
      "real_top1": 0.1270161271095276,
      "shuffled_top1": 0.060483869165182114,
      "gaussian_top1": 0.05040322616696358,
      "real_kl": 10.10779094696045,
      "shuffled_kl": 10.781818389892578,
      "gaussian_kl": 10.750608444213867,
      "real_ppl": 581235.927856722,
      "shuffled_ppl": 1278411.2018230762,
      "gaussian_ppl": 922373.8752816303
    },
    {
      "layer": 9,
      "top1_diff_ci": {
        "mean": 0.06048387096774194,
        "ci_lo": 0.02620967741935484,
        "ci_hi": 0.09475806451612903,
        "n": 496
      },
      "kl_diff_ci": {
        "mean": -0.11616502585069786,
        "ci_lo": -1.0731172762630927,
        "ci_hi": 0.8335160455035586,
        "n": 496
      },
      "real_top1": 0.11088709533214569,
      "shuffled_top1": 0.05040322616696358,
      "gaussian_top1": 0.07056451588869095,
      "real_kl": 10.38249683380127,
      "shuffled_kl": 10.266331672668457,
      "gaussian_kl": 10.676749229431152,
      "real_ppl": 706984.0266195834,
      "shuffled_ppl": 545477.2559662501,
      "gaussian_ppl": 886912.2500805276
    },
    {
      "layer": 10,
      "top1_diff_ci": {
        "mean": 0.04032258064516129,
        "ci_lo": 0.004032258064516129,
        "ci_hi": 0.07862903225806452,
        "n": 496
      },
      "kl_diff_ci": {
        "mean": 0.3202760648282786,
        "ci_lo": -0.666416831554905,
        "ci_hi": 1.2855530783473965,
        "n": 496
      },
      "real_top1": 0.11290322244167328,
      "shuffled_top1": 0.07258064299821854,
      "gaussian_top1": 0.08064515888690948,
      "real_kl": 10.566788673400879,
      "shuffled_kl": 10.887063026428223,
      "gaussian_kl": 11.003174781799316,
      "real_ppl": 703468.5825688299,
      "shuffled_ppl": 1166874.186444779,