{
  "n_pairs": 30,
  "seq_len": 40,
  "split_point": 16,
  "layer_subset": [
    0,
    6,
    12,
    18,
    23
  ],
  "mean_kl_transplant": 0.08375919610261917,
  "mean_kl_gaussian": 0.47406816482543945,
  "mean_top1_changed_transplant": 0.12638889253139496,
  "mean_top1_changed_gaussian": 0.2361111044883728,
  "frac_pairs_transplant_kl_larger_than_gaussian": 0.0,
  "per_pair_kl_transplant": [
    0.035913411527872086,
    0.026367617771029472,
    0.04803118109703064,
    0.0387231707572937,
    0.13096900284290314,
    0.10988598316907883,
    0.03637033328413963,
    0.061882320791482925,
    0.028821783140301704,
    0.04718156158924103,
    0.26229381561279297,
    0.06657182425260544,
    0.03550708293914795,
    0.20036737620830536,
    0.06598646938800812,
    0.04869579151272774,
    0.08875072002410889,
    0.0322493277490139,
    0.18848498165607452,
    0.07425081729888916,
    0.023784825578331947,
    0.041886743158102036,
    0.0671301856637001,
    0.2693813443183899,
    0.02500818856060505,
    0.03845001757144928,
    0.030559277161955833,
    0.030852237716317177,
    0.08596352487802505,
    0.27245500683784485
  ],
  "per_pair_kl_gaussian": [
    0.20657385885715485,
    0.2686986029148102,
    0.18625514209270477,
    0.055546924471855164,
    0.2460007667541504,
    0.21565163135528564,
    0.25000840425491333,
    0.8048186302185059,
    0.15069489181041718,
    0.32561421394348145,
    2.1093759536743164,
    0.40081480145454407,
    0.37023723125457764,
    0.6269734501838684,
    0.12717385590076447,
    0.1582794487476349,
    0.13876278698444366,
    1.149593710899353,
    0.3665095865726471,
    0.13775856792926788,
    0.1781824827194214,
    0.35670003294944763,
    0.2788754999637604,
    2.818007230758667,
    0.37914136052131653,
    0.0859227105975151,
    0.092631496489048,
    0.4807606041431427,
    0.17557090520858765,
    1.080909252166748
  ],
  "kl_by_continuation_step_transplant": [
    0.1446773111820221,
    0.24576714634895325,
    0.15737776458263397,
    0.1953762024641037,
    0.08633804321289062,
    0.15447476506233215,
    0.049121614545583725,
    0.05761851370334625,
    0.10285226255655289,
    0.09181124716997147,
    0.058035366237163544,
    0.05128287151455879,
    0.08038925379514694,
    0.0781862810254097,
    0.041142985224723816,
    0.0408635288476944,
    0.07474096864461899,
    0.045733291655778885,
    0.06668322533369064,
    0.03308619558811188,
    0.047641243785619736,
    0.04687376320362091,
    0.03885454311966896,
    0.02129230834543705
  ],
  "kl_by_continuation_step_gaussian": [
    0.8966083526611328,
    0.6359801888465881,
    0.8475683331489563,
    1.7781329154968262,
    0.7968046069145203,
    0.48029738664627075,
    0.43211236596107483,
    0.31478843092918396,
    0.3005382716655731,
    0.33444342017173767,
    0.6228994727134705,
    0.41898059844970703,
    0.4118051528930664,
    0.3617193400859833,
    0.16002711653709412,
    0.4834063649177551,
    0.4207049012184143,
    0.13693274557590485,
    0.2857314348220825,
    0.1986284852027893,
    0.24073219299316406,
    0.14973561465740204,
    0.5234576463699341,
    0.1455998420715332
  ]
}